Id,Date,UserID,Honored
0,"2019-05-29 16:20:44",1,1
1,"2019-05-29 16:52:17",1,1
2,"2019-05-29 17:44:54",3,1
3,"2019-05-29 20:05:47",8,1
4,"2019-05-30 00:20:25",16,1
5,"2019-05-30 02:24:20",19,1
6,"2019-05-30 07:25:37",3,1
7,"2019-05-30 07:40:05",3,1
8,"2019-05-30 07:51:10",3,1
9,"2019-05-31 22:53:40",28,1
10,"2019-06-02 11:43:22",25,1
11,"2019-06-02 11:43:53",25,1
12,"2019-06-02 16:40:55",3,1
13,"2019-06-03 22:21:51",41,1
14,"2019-06-10 19:33:24",69,1
15,"2019-06-14 19:14:19",94,1
16,"2019-06-15 19:46:05",101,1
17,"2019-06-19 22:23:44",124,1
18,"2019-06-22 05:53:00",140,1
19,"2019-06-22 19:17:03",132,1
20,"2019-07-01 00:43:47",170,1
21,"2019-07-13 11:09:12",240,1
22,"2019-07-14 12:58:53",229,1
23,"2019-07-16 21:23:25",264,1
24,"2019-07-18 14:11:03",276,1
25,"2019-07-18 21:51:23",280,1
26,"2019-07-20 12:29:09",288,1
27,"2019-07-23 19:27:49",309,1
28,"2019-07-31 03:04:15",334,1
29,"2019-08-09 19:57:46",397,1
30,"2019-08-09 20:58:41",399,1
31,"2019-08-16 19:15:53",435,1
32,"2019-08-16 19:16:43",435,1
33,"2019-08-16 19:19:52",435,1
34,"2019-08-16 20:27:15",435,1
35,"2019-08-22 08:46:11",460,1
36,"2019-08-24 18:04:16",465,1
37,"2019-08-24 20:40:57",467,1
38,"2019-08-24 20:43:31",467,1
39,"2019-08-24 20:47:10",467,1
40,"2019-08-24 20:49:24",28,1
41,"2019-08-26 18:48:39",28,1
42,"2019-08-30 06:28:01",505,1
43,"2019-09-18 21:04:03",555,1
44,"2019-09-29 17:53:44",577,1
45,"2019-10-03 13:06:13",577,1
46,"2019-10-11 14:24:57",609,1
47,"2019-10-17 23:45:03",639,1
48,"2019-10-19 02:03:58",644,1
49,"2019-10-27 16:55:28",670,1
50,"2019-11-19 20:52:54",716,1
51,"2019-12-04 00:30:40",754,1
52,"2019-12-04 23:31:46",213,1
53,"2019-12-12 17:59:49",771,1
54,"2019-12-12 19:20:39",771,1
55,"2019-12-17 17:24:47",771,1
56,"2019-12-17 23:20:34",777,1
57,"2019-12-22 06:04:49",789,1
58,"2019-12-22 06:08:39",789,1
59,"2019-12-22 06:16:52",789,1
60,"2019-12-23 10:57:46",793,1
61,"2019-12-25 08:08:17",792,1
62,"2020-01-02 16:48:54",771,1
63,"2020-01-07 02:11:09",829,1
64,"2020-01-08 10:51:19",771,1
65,"2020-01-09 21:37:55",771,1
66,"2020-01-10 17:14:55",847,1
67,"2020-01-13 17:35:11",864,1
68,"2020-01-13 18:22:58",864,1
69,"2020-01-15 16:15:54",864,1
70,"2020-01-30 09:34:29",771,1
71,"2020-02-11 04:48:44",399,1
72,"2020-02-11 05:23:07",399,1
73,"2020-02-21 13:53:56",1011,1
74,"2020-02-24 12:35:35",1019,1
75,"2020-03-05 16:10:05",1039,1
